{
  "stage": "Early Warning (5 packets)",
  "objective": "early",
  "threshold": 104.9114898153512,
  "max_normal_fpr": 0.1,
  "valid_metrics": {
    "threshold": 104.9114898153512,
    "precision": 0.9993211842723617,
    "recall": 0.7377510504606607,
    "f1": 0.8488423667169342,
    "normal_fpr": 0.0994263862332696,
    "anomaly_recall": 0.7377510504606607,
    "recall_get_flood": 0.017438692098092644,
    "recall_connection_flood": 0.8583659683337634,
    "recall_scan": 0.0019512956603184514
  },
  "metadata": {
    "backend": "custom",
    "epsilon": 1e-12
  }
}