{
  "dataset": "full",
  "stage": "Final Confirmation (full flow)",
  "objective": "final",
  "max_normal_fpr": 0.05,
  "threshold": 0.49809459502710685,
  "valid_metrics": {
    "threshold": 0.49809459502710685,
    "precision": 0.999713485993873,
    "recall": 0.8677519943374209,
    "f1": 0.9290703152202855,
    "normal_fpr": 0.04933586337760911,
    "anomaly_recall": 0.8677519943374209,
    "recall_get_flood": 0.4228882833787466,
    "recall_connection_flood": 0.9995105509638809,
    "recall_scan": 0.007101607616669268
  }
}