dataset,stage,objective,split,model,roc_auc,pr_auc,threshold,precision,recall,f1,normal_fpr,anomaly_recall,recall_get_flood,recall_connection_flood,recall_scan
5,Early Warning (5 packets),early,valid,ECOD,0.8739985271770188,0.9971017481771565,104.9114898153512,0.9993211842723617,0.7377510504606607,0.8488423667169342,0.0994263862332696,0.7377510504606607,0.017438692098092644,0.8583659683337634,0.0019512956603184514
5,Early Warning (5 packets),early,test,ECOD,0.6775859816843137,0.9871059306154828,104.9114898153512,0.9970273483947681,0.722230628659225,0.8376679919269374,0.2854938271604938,0.722230628659225,0.010071942446043165,0.8671569175707415,0.0006925740669488264
full,Final Confirmation (full flow),final,valid,ECOD,0.987016165423455,0.9999300150319426,126.10115801474687,0.9997316156736447,0.9263864710271077,0.961662579062863,0.04933586337760911,0.9263864710271077,0.6572207084468665,1.0,0.448493834868113
full,Final Confirmation (full flow),final,test,ECOD,0.8820551837895156,0.9964498613953673,126.10115801474687,0.9980586390562,0.9334916311660497,0.9646959764238888,0.24036979969183359,0.9334916311660497,0.4956834532374101,0.9999161167654624,0.6147276084949215
