model,policy,precision,recall,f1,normal_fpr
ECOD,early_warning,0.9970273483947681,0.722230628659225,0.8376679919269374,0.2854938271604938
ECOD,final_confirmation,0.9980710356671728,0.933490857029786,0.964701353846524,0.23919753086419754
ECOD,any_stage,0.9975003109066036,0.9336072538498248,0.9644967923858997,0.3101851851851852
