{
  "dataset": "5",
  "stage": "Early Warning (5 packets)",
  "objective": "early",
  "max_normal_fpr": 0.1,
  "threshold": 0.4828802982030749,
  "valid_metrics": {
    "threshold": 0.4828802982030749,
    "precision": 0.9993799041236375,
    "recall": 0.8076596892949385,
    "f1": 0.8933493939943077,
    "normal_fpr": 0.0994263862332696,
    "anomaly_recall": 0.8076596892949385,
    "recall_get_flood": 0.030517711171662125,
    "recall_connection_flood": 0.938193610646678,
    "recall_scan": 0.011005307524196066
  }
}