dataset,stage,objective,split,model,roc_auc,pr_auc,threshold,precision,recall,f1,normal_fpr,anomaly_recall,recall_get_flood,recall_connection_flood,recall_scan
5,Early Warning (5 packets),early,valid,PCAReconstruction,0.825468523476166,0.9963965627881801,0.07173840708312483,0.9979644259196433,0.1984406923403107,0.3310529996704101,0.08030592734225621,0.1984406923403107,0.997275204359673,0.06740576994288408,0.9954729940680612
5,Early Warning (5 packets),early,test,PCAReconstruction,0.8043330656206472,0.9933658188476561,0.07173840708312483,0.9959938366718027,0.22571671341938937,0.36802899898465596,0.12037037037037036,0.22571671341938937,0.9856115107913669,0.07117492450508892,0.9950750288572527
full,Final Confirmation (full flow),final,valid,PCAReconstruction,0.9883441446346253,0.9998993476767336,0.06628047554934001,0.9997220291869354,0.8944292464561054,0.9441491107173328,0.04933586337760911,0.8944292464561054,0.940599455040872,0.986773752183054,0.2399719057281099
full,Final Confirmation (full flow),final,test,PCAReconstruction,0.9713761312105813,0.9995843787238459,0.06628047554934001,0.9990515708358032,0.8827781269641735,0.9373227295478561,0.11093990755007704,0.8827781269641735,0.9474820143884892,0.9817833575662678,0.3309479839950754
