model,policy,precision,recall,f1,normal_fpr
PCAReconstruction,early_warning,0.9959938366718027,0.22571671341938937,0.36802899898465596,0.12037037037037036
PCAReconstruction,final_confirmation,0.999064718822863,0.8827767625388474,0.9373277470863767,0.1095679012345679
PCAReconstruction,any_stage,0.9985886669959777,0.9882788402220851,0.9934070048379832,0.18518518518518517
