stage,model_5,model_full,threshold_5,threshold_full,precision,recall,f1,normal_fpr
early_warning,LOF,LOF,3.7021395041879943,2.3287829382964826,0.999604310685939,0.9997555666779183,0.9996799329605037,0.05246913580246913
final_confirmation,LOF,LOF,3.7021395041879943,2.3287829382964826,0.9996141082040596,0.9045429678861173,0.9497051724664691,0.046296296296296294
any_stage,LOF,LOF,3.7021395041879943,2.3287829382964826,0.9993137061033628,0.9999650809539883,0.9996392874181125,0.09104938271604938
