{
  "dataset": "full",
  "stage": "Final Confirmation (full flow)",
  "objective": "final",
  "max_normal_fpr": 0.05,
  "threshold": -11.652319972703305,
  "valid_metrics": {
    "threshold": -11.652319972703305,
    "precision": 0.9996968566365078,
    "recall": 0.8201365905917013,
    "f1": 0.9010582511008124,
    "normal_fpr": 0.04933586337760911,
    "anomaly_recall": 0.8201365905917013,
    "recall_get_flood": 0.6926430517711172,
    "recall_connection_flood": 0.9385963936505112,
    "recall_scan": 0.007335726549086936
  }
}