dataset,stage,objective,split,model,roc_auc,pr_auc,threshold,precision,recall,f1,normal_fpr,anomaly_recall,recall_get_flood,recall_connection_flood,recall_scan
5,Early Warning (5 packets),early,valid,Autoencoder,0.9314841009636295,0.9987754728895406,0.006532498560187377,0.9995568827665928,1.0,0.9997783922841974,0.08795411089866156,1.0,1.0,1.0,1.0
5,Early Warning (5 packets),early,test,Autoencoder,0.9098438371404435,0.9974655633619285,0.006532498560187377,0.999092928329709,1.0,0.9995462583767685,0.12037037037037036,1.0,1.0,1.0,1.0
full,Final Confirmation (full flow),final,valid,Autoencoder,0.9921973099118985,0.9999202088034036,0.028157697256623634,0.999749400005783,0.9921469974939261,0.9959336908356817,0.04933586337760911,0.9921469974939261,1.0,0.9999666284748101,0.9361635710941159
full,Final Confirmation (full flow),final,test,Autoencoder,0.9850790877594189,0.9997001203240046,0.028157697256623634,0.9992369548629454,0.9907582000605256,0.9949795147838386,0.10015408320493066,0.9907582000605256,1.0,0.9999580583827312,0.9391351184979994
