model,policy,precision,recall,f1,normal_fpr
Autoencoder,early_warning,0.999092928329709,1.0,0.9995462583767685,0.12037037037037036
Autoencoder,final_confirmation,0.9992486763790898,0.9907580924889132,0.9949852714265676,0.09876543209876543
Autoencoder,any_stage,0.9985471535833004,1.0,0.9992730487173671,0.19290123456790123
