dataset,stage,objective,model,split,threshold,selected_on_valid,roc_auc,pr_auc,precision,recall,f1,normal_fpr,anomaly_recall,recall_get_flood,recall_connection_flood,recall_scan
full,Final Confirmation (full flow),final,LOF,valid,2.3287829382964826,False,0.9703884739405089,0.9998024285572851,0.9997267127751267,0.909762209936296,0.9526251477334188,0.04933586337760911,0.909762209936296,0.9820163487738419,0.8982613435376041,0.9800998907444982
full,Final Confirmation (full flow),final,LOF,test,2.3287829382964826,True,0.9648907875159353,0.9995311084155099,0.9996012554023461,0.9045440789626836,0.9496999841132117,0.04776579352850539,0.9045440789626836,0.9856115107913669,0.8870512246952242,0.9921514312096029
full,Final Confirmation (full flow),final,IsolationForest,valid,0.49809459502710685,False,0.9531885785293536,0.9996353542135227,0.999713485993873,0.8677519943374209,0.9290703152202855,0.04933586337760911,0.8677519943374209,0.4228882833787466,0.9995105509638809,0.007101607616669268
full,Final Confirmation (full flow),final,IsolationForest,test,0.49809459502710685,True,0.8225523692610803,0.9964864266950685,0.9978572720568797,0.8347533580091719,0.9090471210824856,0.23728813559322035,0.8347533580091719,0.23381294964028776,0.9978749580583828,0.0012311480455524776
full,Final Confirmation (full flow),final,OneClassSVM,valid,-11.652319972703305,False,0.9027697457999567,0.9994672115525582,0.9996968566365078,0.8201365905917013,0.9010582511008124,0.04933586337760911,0.8201365905917013,0.6926430517711172,0.9385963936505112,0.007335726549086936
full,Final Confirmation (full flow),final,OneClassSVM,test,-11.652319972703305,True,0.8776978146312004,0.9989677741252787,0.9992840415852513,0.779791419326303,0.8759978294553371,0.07395993836671803,0.779791419326303,0.41510791366906474,0.92784643775864,0.0039242843951985225
