{
  "stage": "Final Confirmation (full flow)",
  "objective": "final",
  "threshold": 0.06628047554934001,
  "max_normal_fpr": 0.05,
  "valid_metrics": {
    "threshold": 0.06628047554934001,
    "precision": 0.9997220291869354,
    "recall": 0.8944292464561054,
    "f1": 0.9441491107173328,
    "normal_fpr": 0.04933586337760911,
    "anomaly_recall": 0.8944292464561054,
    "recall_get_flood": 0.940599455040872,
    "recall_connection_flood": 0.986773752183054,
    "recall_scan": 0.2399719057281099
  },
  "metadata": {
    "backend": "sklearn",
    "explained_variance": 0.95,
    "n_components_selected": 19
  }
}