dataset,stage,objective,split,model,roc_auc,pr_auc,threshold,precision,recall,f1,normal_fpr,anomaly_recall,recall_get_flood,recall_connection_flood,recall_scan
5,Early Warning (5 packets),early,valid,IsolationForest,0.8939145109622564,0.9976456579156425,0.48129059261492946,0.9993803031747545,0.8081801009984195,0.8936678104818944,0.0994263862332696,0.8081801009984195,0.03160762942779292,0.938687343604475,0.01162972213549797
5,Early Warning (5 packets),early,test,IsolationForest,0.7132255024570506,0.9902772204691909,0.48129059261492946,0.9973436007640879,0.7778799483198119,0.874046076078498,0.27469135802469136,0.7778799483198119,0.031654676258992806,0.9322223464936807,0.008156983455175067
full,Final Confirmation (full flow),final,valid,IsolationForest,0.9531885785293536,0.9996353542135227,0.4977814756599999,0.9997135175635771,0.8678476460122817,0.9291251497680515,0.04933586337760911,0.8678476460122817,0.42724795640326974,0.9995216748056108,0.007179647260808491
full,Final Confirmation (full flow),final,test,IsolationForest,0.8225523692610803,0.9964864266950685,0.4977814756599999,0.9978573913043478,0.8347999161952651,0.909074777075715,0.23728813559322035,0.8347999161952651,0.23597122302158274,0.9978749580583828,0.0013080947983995076
