model,policy,precision,recall,f1,normal_fpr
IsolationForest,early_warning,0.9973436007640879,0.7778799483198119,0.874046076078498,0.27469135802469136
IsolationForest,final_confirmation,0.9978573614937252,0.8347979933188225,0.9090736245698314,0.23765432098765432
IsolationForest,any_stage,0.9969069019085663,0.8365788646654173,0.9097329898929808,0.3441358024691358
