{
  "stage": "Final Confirmation (full flow)",
  "objective": "final",
  "threshold": 0.028157697256623634,
  "max_normal_fpr": 0.05,
  "valid_metrics": {
    "threshold": 0.028157697256623634,
    "precision": 0.999749400005783,
    "recall": 0.9921469974939261,
    "f1": 0.9959336908356817,
    "normal_fpr": 0.04933586337760911,
    "anomaly_recall": 0.9921469974939261,
    "recall_get_flood": 1.0,
    "recall_connection_flood": 0.9999666284748101,
    "recall_scan": 0.9361635710941159
  },
  "metadata": {
    "backend": "sklearn-mlp",
    "hidden_sizes": [
      96,
      24,
      96
    ],
    "iterations": 85,
    "final_loss": 0.004911697866310881
  }
}