dataset,stage,objective,split,model,roc_auc,pr_auc,threshold,precision,recall,f1,normal_fpr,anomaly_recall,recall_get_flood,recall_connection_flood,recall_scan
5,Early Warning (5 packets),early,valid,HBOS,0.916086515045946,0.9987245992112638,83.20691782740681,0.9995044799061545,0.952517250684245,0.9754453491241056,0.09369024856596558,0.952517250684245,0.6822888283378746,0.9533534566917647,0.985404308460818
5,Early Warning (5 packets),early,test,HBOS,0.7304167200152092,0.9946472151814899,83.20691782740681,0.9977937860338124,0.9528243688382433,0.9747907165057099,0.279320987654321,0.9528243688382433,0.7920863309352518,0.9486634604630354,0.9929203539823008
full,Final Confirmation (full flow),final,valid,HBOS,0.9860557463769162,0.9998892050867263,106.3353799338301,0.9997200568499935,0.8881258010827769,0.9406246517612019,0.04933586337760911,0.8881258010827769,0.6942779291553134,0.9999777523165401,0.1311846417980334
full,Final Confirmation (full flow),final,test,HBOS,0.7919735050204106,0.9928086651179279,106.3353799338301,0.9977018996722827,0.853993528412133,0.9202711770866651,0.26040061633281975,0.853993528412133,0.5431654676258992,0.9990772844200873,0.08871960603262542
