model,policy,precision,recall,f1,normal_fpr
HBOS,early_warning,0.9977937860338124,0.9528243688382433,0.9747907165057099,0.279320987654321
HBOS,final_confirmation,0.9977154357670288,0.8539918289432332,0.9202759485732205,0.25925925925925924
HBOS,any_stage,0.997440521202955,0.997928136603308,0.9976842693229688,0.3395061728395062
