{
  "dataset": "5",
  "stage": "Early Warning (5 packets)",
  "objective": "early",
  "max_normal_fpr": 0.1,
  "threshold": -14.724747401919734,
  "valid_metrics": {
    "threshold": -14.724747401919734,
    "precision": 0.9854626782219738,
    "recall": 0.03397131953278594,
    "f1": 0.06567853848948678,
    "normal_fpr": 0.0994263862332696,
    "anomaly_recall": 0.03397131953278594,
    "recall_get_flood": 0.3247956403269755,
    "recall_connection_flood": 0.031419370041630666,
    "recall_scan": 0.01006868560724321
  }
}