stage,label,distance_to_normal
5,GET_FLOOD,12.436885174827102
5,CONNECTION_FLOOD,13.850437520777776
5,SCAN,12.62747918823943
