{
  "dataset": "full",
  "stage": "Final Confirmation (full flow)",
  "objective": "final",
  "max_normal_fpr": 0.05,
  "threshold": 2.3287829382964826,
  "valid_metrics": {
    "threshold": 2.3287829382964826,
    "precision": 0.9997267127751267,
    "recall": 0.909762209936296,
    "f1": 0.9526251477334188,
    "normal_fpr": 0.04933586337760911,
    "anomaly_recall": 0.909762209936296,
    "recall_get_flood": 0.9820163487738419,
    "recall_connection_flood": 0.8982613435376041,
    "recall_scan": 0.9800998907444982
  }
}