{
  "stage": "Final Confirmation (full flow)",
  "objective": "final",
  "threshold": 126.10115801474687,
  "max_normal_fpr": 0.05,
  "valid_metrics": {
    "threshold": 126.10115801474687,
    "precision": 0.9997316156736447,
    "recall": 0.9263864710271077,
    "f1": 0.961662579062863,
    "normal_fpr": 0.04933586337760911,
    "anomaly_recall": 0.9263864710271077,
    "recall_get_flood": 0.6572207084468665,
    "recall_connection_flood": 1.0,
    "recall_scan": 0.448493834868113
  },
  "metadata": {
    "backend": "custom",
    "epsilon": 1e-12
  }
}